{
  "controller/BaseController.js.map": 1727162936087,
  "controller/ManuallyRepackAllHUItems.controller.js": 1727087559612,
  "model/models.js": 1726835298070,
  "model/data1.json": 1726835298070,
  "model/data.json": 1726835298066,
  "controller/WTQueryByWT.controller.js": 1727087559628,
  "controller/WTQueryByWO.controller.js": 1727087559628,
  "controller/WTQueryByQueue.controller.js": 1727087559624,
  "controller/WTQueryByHU.controller.js": 1727087559624,
  "controller/UnloadingByTU.controller.js": 1727087559624,
  "controller/UnloadingByShipment.controller.js": 1727087559624,
  "controller/UnloadingByDoor.controller.js": 1727087559624,
  "controller/UnloadingByConsignmentOrder.controller.js": 1727087559624,
  "controller/UnloadingByBillofLading.controller.js": 1727087559620,
  "controller/UnloadingASNDetails.controller.js": 1727087559620,
  "controller/UnloadByDelivery.controller.js": 1727087559620,
  "controller/Supervisor.controller.js": 1727088507241,
  "controller/StockBinQueryByProduct.controller.js": 1727087559620,
  "controller/StockBinQueryByBin.controller.js": 1727087559620,
  "controller/SerialNumberLocation.controller.js": 1727087559620,
  "controller/ResourcePage.controller.js": 1727087559616,
  "controller/RecevingOfHUbyTUorDoor.controller.js": 1727087559616,
  "controller/RecevingOfHUbyManufacturingOrder.controller.js": 1727087559616,
  "controller/RecevingOfHUbyDelivery.controller.js": 1727087559616,
  "controller/Receivingofhubyco.controller.js": 1727087559616,
  "controller/ReceivingofHUbyTU.controller.js": 1727087559616,
  "controller/ReceivingofHUbyShipment.controller.js": 1727087559616,
  "controller/ReceivingofHUbyASN.controller.js": 1727087559616,
  "controller/ReceivingOfHuByDoor.controller.js": 1727087559616,
  "controller/PutawayByWO.controller.js": 1727087559612,
  "controller/PutawayByHU.controller.js": 1727087559612,
  "controller/ProductInspectionByStorageBin.controller.js": 1727087559612,
  "controller/ProductInspectionByHU.controller.js": 1727087559612,
  "controller/ManuallyRepackHU.controller.js": 1727087559612,
  "utils/Constant.js": 1726835384518,
  "controller/MaintainHU.controller.js": 1727087559612,
  "controller/InitialScreen.controller.js": 1727162825539,
  "controller/HuQuery.controller.js": 1727087559612,
  "controller/Home.controller.js": 1727088534337,
  "controller/DeconsolidationManually.controller.js": 1727087559612,
  "controller/DeconsolidationAutomatically.controller.js": 1727087559608,
  "controller/CreationOfSingleHU.controller.js": 1727087559608,
  "controller/CreateShippingHUWOWC.controller.js": 1727087559608,
  "controller/CreateShippingHU.controller.js": 1727087559608,
  "controller/CreatePutawayHusforDeconsolidate.controller.js": 1727087559608,
  "controller/CreatePutawayHusManually.controller.js": 1727087559608,
  "controller/CreateConfirmAdhocProduct.controller.js": 1727087559608,
  "controller/CreateConfirmAdhocHu.controller.js": 1727087559604,
  "controller/ChangeResourceGroup.controller.js": 1727087559596,
  "controller/ChangeQueue.controller.js": 1727087559592,
  "controller/BillofLading.controller.js": 1727087559588,
  "controller/BaseController.js": 1727087559588,
  "controller/AvailableHandlingUnitsOnBinQuery.controller.js": 1727087559588,
  "controller/AutomaticallyRepackHUItem.controller.js": 1727087559584,
  "controller/App.controller.js": 1727087559584,
  "controller/AdhocProductWt.controller.js": 1727087559584,
  "controller/AdhocInventoryCreation.controller.js": 1727087559584,
  "controller/AdhocHuWt.controller.js": 1727087559584,
  "manifest.json": 1727162934276,
  "Component.js": 1726810930496,
  "controller/ManuallyRepackAllHUItems-dbg.controller.js": 1727087559612,
  "controller/ManuallyRepackAllHUItems.controller.js.map": 1727162935787,
  "model/models-dbg.js": 1726835298070,
  "model/models.js.map": 1727162935772,
  "controller/WTQueryByWT-dbg.controller.js": 1727087559628,
  "controller/WTQueryByWT.controller.js.map": 1727162935791,
  "controller/WTQueryByWO-dbg.controller.js": 1727087559628,
  "controller/WTQueryByWO.controller.js.map": 1727162935788,
  "controller/WTQueryByQueue-dbg.controller.js": 1727087559624,
  "controller/WTQueryByQueue.controller.js.map": 1727162935789,
  "controller/WTQueryByHU-dbg.controller.js": 1727087559624,
  "controller/WTQueryByHU.controller.js.map": 1727162935793,
  "controller/UnloadingByTU-dbg.controller.js": 1727087559624,
  "controller/UnloadingByTU.controller.js.map": 1727162935808,
  "controller/UnloadingByShipment-dbg.controller.js": 1727087559624,
  "controller/UnloadingByShipment.controller.js.map": 1727162935801,
  "controller/UnloadingByDoor-dbg.controller.js": 1727087559624,
  "controller/UnloadingByDoor.controller.js.map": 1727162935805,
  "controller/UnloadingByConsignmentOrder-dbg.controller.js": 1727087559624,
  "controller/UnloadingByConsignmentOrder.controller.js.map": 1727162935805,
  "controller/UnloadingByBillofLading-dbg.controller.js": 1727087559620,
  "controller/UnloadingByBillofLading.controller.js.map": 1727162935808,
  "controller/UnloadingASNDetails-dbg.controller.js": 1727087559620,
  "controller/UnloadingASNDetails.controller.js.map": 1727162935813,
  "controller/UnloadByDelivery-dbg.controller.js": 1727087559620,
  "controller/UnloadByDelivery.controller.js.map": 1727162935869,
  "controller/Supervisor-dbg.controller.js": 1727088507241,
  "controller/Supervisor.controller.js.map": 1727162936074,
  "controller/StockBinQueryByProduct-dbg.controller.js": 1727087559620,
  "controller/StockBinQueryByProduct.controller.js.map": 1727162935869,
  "controller/StockBinQueryByBin-dbg.controller.js": 1727087559620,
  "controller/StockBinQueryByBin.controller.js.map": 1727162935868,
  "controller/SerialNumberLocation-dbg.controller.js": 1727087559620,
  "controller/SerialNumberLocation.controller.js.map": 1727162935877,
  "controller/ResourcePage-dbg.controller.js": 1727087559616,
  "controller/ResourcePage.controller.js.map": 1727162935888,
  "controller/RecevingOfHUbyTUorDoor-dbg.controller.js": 1727087559616,
  "controller/RecevingOfHUbyTUorDoor.controller.js.map": 1727162935876,
  "controller/RecevingOfHUbyManufacturingOrder-dbg.controller.js": 1727087559616,
  "controller/RecevingOfHUbyManufacturingOrder.controller.js.map": 1727162935884,
  "controller/RecevingOfHUbyDelivery-dbg.controller.js": 1727087559616,
  "controller/RecevingOfHUbyDelivery.controller.js.map": 1727162935883,
  "controller/Receivingofhubyco-dbg.controller.js": 1727087559616,
  "controller/Receivingofhubyco.controller.js.map": 1727162935889,
  "controller/ReceivingofHUbyTU-dbg.controller.js": 1727087559616,
  "controller/ReceivingofHUbyTU.controller.js.map": 1727162935891,
  "controller/ReceivingofHUbyShipment-dbg.controller.js": 1727087559616,
  "controller/ReceivingofHUbyShipment.controller.js.map": 1727162935895,
  "controller/ReceivingofHUbyASN-dbg.controller.js": 1727087559616,
  "controller/ReceivingofHUbyASN.controller.js.map": 1727162935898,
  "controller/ReceivingOfHuByDoor-dbg.controller.js": 1727087559616,
  "controller/ReceivingOfHuByDoor.controller.js.map": 1727162935975,
  "controller/PutawayByWO-dbg.controller.js": 1727087559612,
  "controller/PutawayByWO.controller.js.map": 1727162935901,
  "controller/PutawayByHU-dbg.controller.js": 1727087559612,
  "controller/PutawayByHU.controller.js.map": 1727162935904,
  "controller/ProductInspectionByStorageBin-dbg.controller.js": 1727087559612,
  "controller/ProductInspectionByStorageBin.controller.js.map": 1727162935905,
  "controller/ProductInspectionByHU-dbg.controller.js": 1727087559612,
  "controller/ProductInspectionByHU.controller.js.map": 1727162935975,
  "controller/ManuallyRepackHU-dbg.controller.js": 1727087559612,
  "controller/ManuallyRepackHU.controller.js.map": 1727162935976,
  "utils/Constant-dbg.js": 1726835384518,
  "utils/Constant.js.map": 1727162935976,
  "controller/MaintainHU-dbg.controller.js": 1727087559612,
  "controller/MaintainHU.controller.js.map": 1727162935981,
  "controller/InitialScreen-dbg.controller.js": 1727162825539,
  "controller/InitialScreen.controller.js.map": 1727162936069,
  "controller/HuQuery-dbg.controller.js": 1727087559612,
  "controller/HuQuery.controller.js.map": 1727162936006,
  "controller/Home-dbg.controller.js": 1727088534337,
  "controller/Home.controller.js.map": 1727162936064,
  "controller/DeconsolidationManually-dbg.controller.js": 1727087559612,
  "controller/DeconsolidationManually.controller.js.map": 1727162936068,
  "controller/DeconsolidationAutomatically-dbg.controller.js": 1727087559608,
  "controller/DeconsolidationAutomatically.controller.js.map": 1727162936068,
  "controller/CreationOfSingleHU-dbg.controller.js": 1727087559608,
  "controller/CreationOfSingleHU.controller.js.map": 1727162936071,
  "controller/CreateShippingHUWOWC-dbg.controller.js": 1727087559608,
  "controller/CreateShippingHUWOWC.controller.js.map": 1727162936071,
  "controller/CreateShippingHU-dbg.controller.js": 1727087559608,
  "controller/CreateShippingHU.controller.js.map": 1727162936078,
  "controller/CreatePutawayHusforDeconsolidate-dbg.controller.js": 1727087559608,
  "controller/CreatePutawayHusforDeconsolidate.controller.js.map": 1727162936078,
  "controller/CreatePutawayHusManually-dbg.controller.js": 1727087559608,
  "controller/CreatePutawayHusManually.controller.js.map": 1727162936078,
  "controller/CreateConfirmAdhocProduct-dbg.controller.js": 1727087559608,
  "controller/CreateConfirmAdhocProduct.controller.js.map": 1727162936089,
  "controller/CreateConfirmAdhocHu-dbg.controller.js": 1727087559604,
  "controller/CreateConfirmAdhocHu.controller.js.map": 1727162936084,
  "controller/ChangeResourceGroup-dbg.controller.js": 1727087559596,
  "controller/ChangeResourceGroup.controller.js.map": 1727162936084,
  "controller/ChangeQueue-dbg.controller.js": 1727087559592,
  "controller/ChangeQueue.controller.js.map": 1727162936080,
  "controller/BillofLading-dbg.controller.js": 1727087559588,
  "controller/BillofLading.controller.js.map": 1727162936089,
  "controller/BaseController-dbg.js": 1727087559588,
  "i18n/i18n.properties": 1726835338086,
  "controller/AvailableHandlingUnitsOnBinQuery-dbg.controller.js": 1727087559588,
  "controller/AvailableHandlingUnitsOnBinQuery.controller.js.map": 1727162936089,
  "controller/AutomaticallyRepackHUItem-dbg.controller.js": 1727087559584,
  "controller/AutomaticallyRepackHUItem.controller.js.map": 1727162936093,
  "controller/App-dbg.controller.js": 1727087559584,
  "controller/App.controller.js.map": 1727162936089,
  "controller/AdhocProductWt-dbg.controller.js": 1727087559584,
  "controller/AdhocProductWt.controller.js.map": 1727162936092,
  "controller/AdhocInventoryCreation-dbg.controller.js": 1727087559584,
  "controller/AdhocInventoryCreation.controller.js.map": 1727162936096,
  "controller/AdhocHuWt-dbg.controller.js": 1727087559584,
  "controller/AdhocHuWt.controller.js.map": 1727162936096,
  "Component-dbg.js": 1726810930496,
  "Component.js.map": 1727162936093,
  "Component-preload.js": 1727162940388,
  "Component-preload.js.map": 1727162940390,
  "view/WTQueryByWT.view.xml": 1727088027435,
  "view/WTQueryByWO.view.xml": 1727088027431,
  "view/WTQueryByQueue.view.xml": 1727088027427,
  "view/WTQueryByHU.view.xml": 1727088027427,
  "view/UnloadingByTU.view.xml": 1727088027427,
  "view/UnloadingByShipment.view.xml": 1727088027423,
  "view/UnloadingByDoor.view.xml": 1727088027419,
  "view/UnloadingByConsignmentOrder.view.xml": 1727088027407,
  "view/UnloadingByBillofLading.view.xml": 1727088027399,
  "view/UnloadingASNDetails.view.xml": 1727088027391,
  "view/UnloadByDelivery.view.xml": 1727088027379,
  "view/Supervisor.view.xml": 1727088027363,
  "view/StockBinQueryByProduct.view.xml": 1727088027363,
  "view/StockBinQueryByBin.view.xml": 1727088027355,
  "view/SerialNumberLocation.view.xml": 1727088027351,
  "view/ResourcePage.view.xml": 1727088027343,
  "view/RecevingOfHUbyTUorDoor.view.xml": 1727088027343,
  "view/RecevingOfHUbyManufacturingOrder.view.xml": 1727088027335,
  "view/RecevingOfHUbyDelivery.view.xml": 1727088027331,
  "view/Receivingofhubyco.view.xml": 1727088027327,
  "view/ReceivingofHUbyTU.view.xml": 1727088027327,
  "view/ReceivingofHUbyShipment.view.xml": 1727088027323,
  "view/ReceivingofHUbyASN.view.xml": 1727088027319,
  "view/ReceivingOfHuByDoor.view.xml": 1727088027319,
  "view/PutawayByWO.view.xml": 1727088027315,
  "view/PutawayByHU.view.xml": 1727088027311,
  "view/ProductInspectionByStorageBin.view.xml": 1727088027307,
  "view/ProductInspectionByHU.view.xml": 1727088027307,
  "view/ManuallyRepackHU.view.xml": 1727088027307,
  "view/ManuallyRepackAllHUItems.view.xml": 1727088027307,
  "view/MaintainHU.view.xml": 1727088027303,
  "view/InitialScreen.view.xml": 1727088027299,
  "view/HuQuery.view.xml": 1727088027299,
  "view/Home.view.xml": 1727088027295,
  "view/DeconsolidationManually.view.xml": 1727088027291,
  "view/DeconsolidationAutomatically.view.xml": 1727088027291,
  "view/CreationOfSingleHU.view.xml": 1727088027291,
  "view/CreateShippingHUWOWC.view.xml": 1727088027291,
  "view/CreateShippingHU.view.xml": 1727088027287,
  "view/CreatePutawayHusforDeconsolidate.view.xml": 1727088027263,
  "view/CreatePutawayHusManually.view.xml": 1727088027263,
  "view/CreateConfirmAdhocProduct.view.xml": 1727088027263,
  "view/CreateConfirmAdhocHu.view.xml": 1727088027243,
  "view/ChangeResourceGroup.view.xml": 1727088027239,
  "view/ChangeQueue.view.xml": 1727088027235,
  "view/BillofLading.view.xml": 1727088027235,
  "view/AvailableHandlingUnitsOnBinQuery.view.xml": 1727088027227,
  "view/AutomaticallyRepackHUItem.view.xml": 1727088027227,
  "view/App.view.xml": 1727088027223,
  "view/AdhocProductWt.view.xml": 1727088027223,
  "view/AdhocInventoryCreation.view.xml": 1727088027223,
  "view/AdhocHuWt.view.xml": 1727088027223,
  "fragments/SignUpDetails.fragment.xml": 1727087771661,
  "fragments/SapLogon.fragment.xml": 1727087771661,
  "fragments/Resetpassword.fragment.xml": 1727087771657,
  "fragments/ProfileDialog.fragment.xml": 1727087771657,
  "fragments/Forgotpassword.fragment.xml": 1727087771657,
  "fragments/ConnecttoSAP.fragment.xml": 1727087771653,
  "fragments/ApproveDetails.fragment.xml": 1727087771653,
  "css/style.css": 1727087738677,
  "Images/Artihcuslogo.png": 1726835361206,
  "index.html": 1726835507554
}