{
  "controller/ChangeResourceGroup-dbg.controller.js": 1727352626375,
  "controller/PutawayByHU.controller.js": 1727352626403,
  "model/models.js": 1727352838481,
  "model/data1.json": 1727352838481,
  "model/data.json": 1727352838477,
  "controller/WTQueryByWT.controller.js": 1727352626427,
  "controller/WTQueryByWO.controller.js": 1727352626423,
  "controller/WTQueryByQueue.controller.js": 1727352626423,
  "controller/WTQueryByHU.controller.js": 1727352626419,
  "controller/WHProcessingByBOL.controller.js": 1727352626419,
  "controller/UnloadingByTU.controller.js": 1727352626419,
  "controller/UnloadingByShipment.controller.js": 1727352626419,
  "controller/UnloadingByDoor.controller.js": 1727352626419,
  "controller/UnloadingByConsignmentOrder.controller.js": 1727352626419,
  "controller/UnloadingByBillofLading.controller.js": 1727352626419,
  "controller/UnloadingASNDetails.controller.js": 1727352626415,
  "controller/UnloadByHu.controller.js": 1727352626415,
  "controller/UnloadByDelivery.controller.js": 1727352626415,
  "controller/Supervisor.controller.js": 1727355000199,
  "controller/StockBinQueryByProduct.controller.js": 1727352626415,
  "controller/StockBinQueryByBin.controller.js": 1727352626411,
  "controller/SetReadyforWHProcessingByCO.controller.js": 1727352626411,
  "controller/SerialNumberLocation.controller.js": 1727352626411,
  "controller/ReversalofConsumptionbyMObyHU.controller.js": 1727352626411,
  "controller/ReversalofConsumptionbyMO_Bin.controller.js": 1727352626411,
  "controller/ResourcePage.controller.js": 1727352626411,
  "controller/RecevingOfHUbyTUorDoor.controller.js": 1727352626411,
  "controller/RecevingOfHUbyManufacturingOrder.controller.js": 1727352626411,
  "controller/RecevingOfHUbyDelivery.controller.js": 1727352626407,
  "controller/Receivingofhubyco.controller.js": 1727352626407,
  "controller/ReceivingofHUbyTU.controller.js": 1727352626407,
  "controller/ReceivingofHUbyShipment.controller.js": 1727352626407,
  "controller/ReceivingofHUbyASN.controller.js": 1727352626407,
  "controller/ReceivingOfHuByDoor.controller.js": 1727352626407,
  "controller/PutawayByWO.controller.js": 1727352626403,
  "controller/PutawayByHuc.controller.js": 1727352626403,
  "uitls/Constant.js": 1727352881977,
  "controller/ProductInspectionByStorageBin.controller.js": 1727352626403,
  "controller/ProductInspectionByHU.controller.js": 1727352626399,
  "controller/PickPoint.controller.js": 1727352626399,
  "controller/ManuallyRepackingByHUItem.controller.js": 1727352626399,
  "controller/ManuallyRepackHU.controller.js": 1727352626399,
  "controller/ManuallyRepackAllHUItems.controller.js": 1727352626395,
  "controller/MaintainHU.controller.js": 1727352626395,
  "controller/LoadbyHUManPosAssiognment.controller.js": 1727352626395,
  "controller/LoadbyHUAutoPosAssiognment.controller.js": 1727352626395,
  "controller/InitialScreen.controller.js": 1727428857041,
  "controller/HuQuery.controller.js": 1727352626395,
  "controller/HuMaintanaceInDeconsolidation.controller.js": 1727352626395,
  "controller/Home.controller.js": 1727354980723,
  "controller/HUStockOverviewQuery.controller.js": 1727352626391,
  "controller/DeconsolidationManually.controller.js": 1727352626391,
  "controller/DeconsolidationAutomatically.controller.js": 1727352626391,
  "controller/DeconsAuto.controller.js": 1727352626391,
  "controller/CreationOfSingleHU.controller.js": 1727352626391,
  "controller/CreateShippingHUWOWC.controller.js": 1727352626387,
  "controller/CreateShippingHU.controller.js": 1727352626387,
  "controller/CreatePutawayHusforDeconsolidate.controller.js": 1727352626387,
  "controller/CreatePutawayHusManually.controller.js": 1727352626379,
  "controller/CreateConfirmAdhocProduct.controller.js": 1727352626379,
  "controller/CreateConfirmAdhocHu.controller.js": 1727352626375,
  "controller/ConsumptionByManufacturingOrder.controller.js": 1727352626375,
  "controller/ChangeResourceGroup.controller.js": 1727352626375,
  "controller/ChangeQueue.controller.js": 1727352626371,
  "controller/ChangeLoadingUnloadingDetails.controller.js": 1727352626371,
  "controller/BillofLading.controller.js": 1727352626371,
  "controller/BaseController.js": 1727352626371,
  "controller/AvailableHandlingUnitsOnBinQuery.controller.js": 1727352626371,
  "controller/AutomaticallyRepackHu.controller.js": 1727352626367,
  "controller/AutomaticallyRepackHUItem.controller.js": 1727352626367,
  "controller/App.controller.js": 1727352626367,
  "controller/AdhocProductWt.controller.js": 1727352626367,
  "controller/AdhocInventoryCreation.controller.js": 1727352626363,
  "controller/AdhocHuWt.controller.js": 1727352626363,
  "manifest.json": 1727936188915,
  "Component.js": 1727352975326,
  "controller/UnloadingByBillofLading-dbg.controller.js": 1727352626419,
  "controller/UnloadingByBillofLading.controller.js.map": 1727936189042,
  "model/models-dbg.js": 1727352838481,
  "model/models.js.map": 1727936189028,
  "controller/WTQueryByWT-dbg.controller.js": 1727352626427,
  "controller/WTQueryByWT.controller.js.map": 1727936189035,
  "controller/WTQueryByWO-dbg.controller.js": 1727352626423,
  "controller/WTQueryByWO.controller.js.map": 1727936189043,
  "controller/WTQueryByQueue-dbg.controller.js": 1727352626423,
  "controller/WTQueryByQueue.controller.js.map": 1727936189043,
  "controller/WTQueryByHU-dbg.controller.js": 1727352626419,
  "controller/WTQueryByHU.controller.js.map": 1727936189043,
  "controller/WHProcessingByBOL-dbg.controller.js": 1727352626419,
  "controller/WHProcessingByBOL.controller.js.map": 1727936189050,
  "controller/UnloadingByTU-dbg.controller.js": 1727352626419,
  "controller/UnloadingByTU.controller.js.map": 1727936189055,
  "controller/UnloadingByShipment-dbg.controller.js": 1727352626419,
  "controller/UnloadingByShipment.controller.js.map": 1727936189057,
  "controller/UnloadingByDoor-dbg.controller.js": 1727352626419,
  "controller/UnloadingByDoor.controller.js.map": 1727936189052,
  "controller/UnloadingByConsignmentOrder-dbg.controller.js": 1727352626419,
  "controller/UnloadingByConsignmentOrder.controller.js.map": 1727936189061,
  "controller/PutawayByHU-dbg.controller.js": 1727352626403,
  "controller/PutawayByHU.controller.js.map": 1727936189059,
  "controller/UnloadingASNDetails-dbg.controller.js": 1727352626415,
  "controller/UnloadingASNDetails.controller.js.map": 1727936189062,
  "controller/UnloadByHu-dbg.controller.js": 1727352626415,
  "controller/UnloadByHu.controller.js.map": 1727936189065,
  "controller/UnloadByDelivery-dbg.controller.js": 1727352626415,
  "controller/UnloadByDelivery.controller.js.map": 1727936189067,
  "controller/Supervisor-dbg.controller.js": 1727355000199,
  "controller/Supervisor.controller.js.map": 1727936189336,
  "controller/StockBinQueryByProduct-dbg.controller.js": 1727352626415,
  "controller/StockBinQueryByProduct.controller.js.map": 1727936189067,
  "controller/StockBinQueryByBin-dbg.controller.js": 1727352626411,
  "controller/StockBinQueryByBin.controller.js.map": 1727936189121,
  "controller/SetReadyforWHProcessingByCO-dbg.controller.js": 1727352626411,
  "controller/SetReadyforWHProcessingByCO.controller.js.map": 1727936189121,
  "controller/SerialNumberLocation-dbg.controller.js": 1727352626411,
  "controller/SerialNumberLocation.controller.js.map": 1727936189122,
  "controller/ReversalofConsumptionbyMObyHU-dbg.controller.js": 1727352626411,
  "controller/ReversalofConsumptionbyMObyHU.controller.js.map": 1727936189128,
  "controller/ReversalofConsumptionbyMO_Bin-dbg.controller.js": 1727352626411,
  "controller/ReversalofConsumptionbyMO_Bin.controller.js.map": 1727936189126,
  "controller/ResourcePage-dbg.controller.js": 1727352626411,
  "controller/ResourcePage.controller.js.map": 1727936189143,
  "controller/RecevingOfHUbyTUorDoor-dbg.controller.js": 1727352626411,
  "controller/RecevingOfHUbyTUorDoor.controller.js.map": 1727936189134,
  "controller/RecevingOfHUbyManufacturingOrder-dbg.controller.js": 1727352626411,
  "controller/RecevingOfHUbyManufacturingOrder.controller.js.map": 1727936189134,
  "controller/RecevingOfHUbyDelivery-dbg.controller.js": 1727352626407,
  "controller/RecevingOfHUbyDelivery.controller.js.map": 1727936189139,
  "controller/Receivingofhubyco-dbg.controller.js": 1727352626407,
  "controller/Receivingofhubyco.controller.js.map": 1727936189140,
  "controller/ReceivingofHUbyTU-dbg.controller.js": 1727352626407,
  "controller/ReceivingofHUbyTU.controller.js.map": 1727936189151,
  "controller/ReceivingofHUbyShipment-dbg.controller.js": 1727352626407,
  "controller/ReceivingofHUbyShipment.controller.js.map": 1727936189151,
  "controller/ReceivingofHUbyASN-dbg.controller.js": 1727352626407,
  "controller/ReceivingofHUbyASN.controller.js.map": 1727936189153,
  "controller/ReceivingOfHuByDoor-dbg.controller.js": 1727352626407,
  "controller/ReceivingOfHuByDoor.controller.js.map": 1727936189227,
  "controller/PutawayByWO-dbg.controller.js": 1727352626403,
  "controller/PutawayByWO.controller.js.map": 1727936189216,
  "controller/PutawayByHuc-dbg.controller.js": 1727352626403,
  "controller/PutawayByHuc.controller.js.map": 1727936189156,
  "uitls/Constant-dbg.js": 1727352881977,
  "uitls/Constant.js.map": 1727936189157,
  "controller/ProductInspectionByStorageBin-dbg.controller.js": 1727352626403,
  "controller/ProductInspectionByStorageBin.controller.js.map": 1727936189226,
  "controller/ProductInspectionByHU-dbg.controller.js": 1727352626399,
  "controller/ProductInspectionByHU.controller.js.map": 1727936189222,
  "controller/PickPoint-dbg.controller.js": 1727352626399,
  "controller/PickPoint.controller.js.map": 1727936189241,
  "controller/ManuallyRepackingByHUItem-dbg.controller.js": 1727352626399,
  "controller/ManuallyRepackingByHUItem.controller.js.map": 1727936189233,
  "controller/ManuallyRepackHU-dbg.controller.js": 1727352626399,
  "controller/ManuallyRepackHU.controller.js.map": 1727936189234,
  "controller/ManuallyRepackAllHUItems-dbg.controller.js": 1727352626395,
  "controller/ManuallyRepackAllHUItems.controller.js.map": 1727936189240,
  "controller/MaintainHU-dbg.controller.js": 1727352626395,
  "controller/MaintainHU.controller.js.map": 1727936189238,
  "controller/LoadbyHUManPosAssiognment-dbg.controller.js": 1727352626395,
  "controller/LoadbyHUManPosAssiognment.controller.js.map": 1727936189242,
  "controller/LoadbyHUAutoPosAssiognment-dbg.controller.js": 1727352626395,
  "controller/LoadbyHUAutoPosAssiognment.controller.js.map": 1727936189245,
  "controller/InitialScreen-dbg.controller.js": 1727428857041,
  "controller/InitialScreen.controller.js.map": 1727936189328,
  "controller/HuQuery-dbg.controller.js": 1727352626395,
  "controller/HuQuery.controller.js.map": 1727936189256,
  "controller/HuMaintanaceInDeconsolidation-dbg.controller.js": 1727352626395,
  "controller/HuMaintanaceInDeconsolidation.controller.js.map": 1727936189250,
  "controller/Home-dbg.controller.js": 1727354980723,
  "controller/Home.controller.js.map": 1727936189341,
  "controller/HUStockOverviewQuery-dbg.controller.js": 1727352626391,
  "controller/HUStockOverviewQuery.controller.js.map": 1727936189318,
  "controller/DeconsolidationManually-dbg.controller.js": 1727352626391,
  "controller/DeconsolidationManually.controller.js.map": 1727936189330,
  "controller/DeconsolidationAutomatically-dbg.controller.js": 1727352626391,
  "controller/DeconsolidationAutomatically.controller.js.map": 1727936189340,
  "controller/DeconsAuto-dbg.controller.js": 1727352626391,
  "controller/DeconsAuto.controller.js.map": 1727936189331,
  "controller/CreationOfSingleHU-dbg.controller.js": 1727352626391,
  "controller/CreationOfSingleHU.controller.js.map": 1727936189333,
  "controller/CreateShippingHUWOWC-dbg.controller.js": 1727352626387,
  "controller/CreateShippingHUWOWC.controller.js.map": 1727936189336,
  "controller/CreateShippingHU-dbg.controller.js": 1727352626387,
  "controller/CreateShippingHU.controller.js.map": 1727936189342,
  "controller/CreatePutawayHusforDeconsolidate-dbg.controller.js": 1727352626387,
  "controller/CreatePutawayHusforDeconsolidate.controller.js.map": 1727936189339,
  "controller/CreatePutawayHusManually-dbg.controller.js": 1727352626379,
  "controller/CreatePutawayHusManually.controller.js.map": 1727936189342,
  "controller/CreateConfirmAdhocProduct-dbg.controller.js": 1727352626379,
  "controller/CreateConfirmAdhocProduct.controller.js.map": 1727936189345,
  "controller/CreateConfirmAdhocHu-dbg.controller.js": 1727352626375,
  "controller/CreateConfirmAdhocHu.controller.js.map": 1727936189345,
  "controller/ConsumptionByManufacturingOrder-dbg.controller.js": 1727352626375,
  "controller/ConsumptionByManufacturingOrder.controller.js.map": 1727936189350,
  "i18n/i18n.properties": 1727352768844,
  "controller/ChangeResourceGroup.controller.js.map": 1727936189345,
  "controller/ChangeQueue-dbg.controller.js": 1727352626371,
  "controller/ChangeQueue.controller.js.map": 1727936189347,
  "controller/ChangeLoadingUnloadingDetails-dbg.controller.js": 1727352626371,
  "controller/ChangeLoadingUnloadingDetails.controller.js.map": 1727936189347,
  "controller/BillofLading-dbg.controller.js": 1727352626371,
  "controller/BillofLading.controller.js.map": 1727936189353,
  "controller/BaseController-dbg.js": 1727352626371,
  "controller/BaseController.js.map": 1727936189350,
  "controller/AvailableHandlingUnitsOnBinQuery-dbg.controller.js": 1727352626371,
  "controller/AvailableHandlingUnitsOnBinQuery.controller.js.map": 1727936189350,
  "controller/AutomaticallyRepackHu-dbg.controller.js": 1727352626367,
  "controller/AutomaticallyRepackHu.controller.js.map": 1727936189356,
  "controller/AutomaticallyRepackHUItem-dbg.controller.js": 1727352626367,
  "controller/AutomaticallyRepackHUItem.controller.js.map": 1727936189355,
  "controller/App-dbg.controller.js": 1727352626367,
  "controller/App.controller.js.map": 1727936189351,
  "controller/AdhocProductWt-dbg.controller.js": 1727352626367,
  "controller/AdhocProductWt.controller.js.map": 1727936189353,
  "controller/AdhocInventoryCreation-dbg.controller.js": 1727352626363,
  "controller/AdhocInventoryCreation.controller.js.map": 1727936189359,
  "controller/AdhocHuWt-dbg.controller.js": 1727352626363,
  "controller/AdhocHuWt.controller.js.map": 1727936189357,
  "Component-dbg.js": 1727352975326,
  "Component.js.map": 1727936189357,
  "Component-preload.js": 1727936189906,
  "Component-preload.js.map": 1727936189908,
  "view/WTQueryByWT.view.xml": 1727352908013,
  "view/WTQueryByWO.view.xml": 1727352908009,
  "view/WTQueryByQueue.view.xml": 1727352908009,
  "view/WTQueryByHU.view.xml": 1727352908005,
  "view/WHProcessingByBOL.view.xml": 1727352908001,
  "view/UnloadingByTU.view.xml": 1727352908001,
  "view/UnloadingByShipment.view.xml": 1727352908001,
  "view/UnloadingByDoor.view.xml": 1727352907997,
  "view/UnloadingByConsignmentOrder.view.xml": 1727352907993,
  "view/UnloadingByBillofLading.view.xml": 1727352907989,
  "view/UnloadingASNDetails.view.xml": 1727352907989,
  "view/UnloadByHu.view.xml": 1727352907989,
  "view/UnloadByDelivery.view.xml": 1727352907989,
  "view/Supervisor.view.xml": 1727352907985,
  "view/StockBinQueryByProduct.view.xml": 1727352907985,
  "view/StockBinQueryByBin.view.xml": 1727352907981,
  "view/SetReadyforWHProcessingByCO.view.xml": 1727352907981,
  "view/SerialNumberLocation.view.xml": 1727352907977,
  "view/ReversalofConsumptionbyMObyHU.view.xml": 1727352907977,
  "view/ReversalofConsumptionbyMO_Bin.view.xml": 1727352907977,
  "view/ResourcePage.view.xml": 1727352907977,
  "view/RecevingOfHUbyTUorDoor.view.xml": 1727352907977,
  "view/RecevingOfHUbyManufacturingOrder.view.xml": 1727352907973,
  "view/RecevingOfHUbyDelivery.view.xml": 1727352907969,
  "view/Receivingofhubyco.view.xml": 1727352907965,
  "view/ReceivingofHUbyTU.view.xml": 1727352907961,
  "view/ReceivingofHUbyShipment.view.xml": 1727352907961,
  "view/ReceivingofHUbyASN.view.xml": 1727352907957,
  "view/ReceivingOfHuByDoor.view.xml": 1727352907957,
  "view/PutawayByWO.view.xml": 1727352907953,
  "view/PutawayByHuc.view.xml": 1727352907949,
  "view/PutawayByHU.view.xml": 1727352907949,
  "view/ProductInspectionByStorageBin.view.xml": 1727352907945,
  "view/ProductInspectionByHU.view.xml": 1727352907945,
  "view/PickPoint.view.xml": 1727352907941,
  "view/ManuallyRepackingByHUItem.view.xml": 1727352907941,
  "view/ManuallyRepackHU.view.xml": 1727352907941,
  "view/ManuallyRepackAllHUItems.view.xml": 1727352907937,
  "view/MaintainHU.view.xml": 1727352907933,
  "view/LoadbyHUManPosAssiognment.view.xml": 1727352907933,
  "view/LoadbyHUAutoPosAssiognment.view.xml": 1727352907933,
  "view/InitialScreen.view.xml": 1727680555624,
  "view/HuQuery.view.xml": 1727352907933,
  "view/HuMaintanaceInDeconsolidation.view.xml": 1727352907933,
  "view/Home.view.xml": 1727352907933,
  "view/HUStockOverviewQuery.view.xml": 1727352907933,
  "view/DeconsolidationManually.view.xml": 1727352907933,
  "view/DeconsolidationAutomatically.view.xml": 1727352907929,
  "view/DeconsAuto.view.xml": 1727352907929,
  "view/CreationOfSingleHU.view.xml": 1727352907929,
  "view/CreateShippingHUWOWC.view.xml": 1727352907929,
  "view/CreateShippingHU.view.xml": 1727352907925,
  "view/CreatePutawayHusforDeconsolidate.view.xml": 1727352907925,
  "view/CreatePutawayHusManually.view.xml": 1727352907925,
  "view/CreateConfirmAdhocProduct.view.xml": 1727352907925,
  "view/CreateConfirmAdhocHu.view.xml": 1727352907921,
  "view/ConsumptionByManufacturingOrder.view.xml": 1727352907921,
  "view/ChangeResourceGroup.view.xml": 1727352907921,
  "view/ChangeQueue.view.xml": 1727352907917,
  "view/ChangeLoadingUnloadingDetails.view.xml": 1727352907917,
  "view/BillofLading.view.xml": 1727352907917,
  "view/AvailableHandlingUnitsOnBinQuery.view.xml": 1727352907913,
  "view/AutomaticallyRepackHu.view.xml": 1727352907909,
  "view/AutomaticallyRepackHUItem.view.xml": 1727352907909,
  "view/App.view.xml": 1727352907909,
  "view/AdhocProductWt.view.xml": 1727352907909,
  "view/AdhocInventoryCreation.view.xml": 1727352907905,
  "view/AdhocHuWt.view.xml": 1727352907905,
  "fragments/SignUpDetails.fragment.xml": 1727352720044,
  "fragments/SapLogon.fragment.xml": 1727352720044,
  "fragments/Resetpassword.fragment.xml": 1727352720044,
  "fragments/ProfileDialog.fragment.xml": 1727352720040,
  "fragments/Forgotpassword.fragment.xml": 1727352720040,
  "fragments/ConnecttoSAP.fragment.xml": 1727352720040,
  "fragments/ApproveDetails.fragment.xml": 1727352720040,
  "css/style.css": 1727352667772,
  "Images/Artihcuslogo.png": 1727352787788,
  "index.html": 1727353141819
}