{
  "controller/AdhocProductWt.controller.js": 1726835189025,
  "controller/ReceivingofHUbyShipment.controller.js": 1726835189033,
  "model/models.js": 1726835298070,
  "model/data1.json": 1726835298070,
  "model/data.json": 1726835298066,
  "controller/WTQueryByWT.controller.js": 1726835189037,
  "controller/WTQueryByWO.controller.js": 1726835189037,
  "controller/WTQueryByQueue.controller.js": 1726835189033,
  "controller/WTQueryByHU.controller.js": 1726835189033,
  "controller/UnloadingByTU.controller.js": 1726835189033,
  "controller/UnloadingByShipment.controller.js": 1726835189033,
  "controller/UnloadingByDoor.controller.js": 1726835189033,
  "controller/UnloadingByConsignmentOrder.controller.js": 1726835189033,
  "controller/UnloadingByBillofLading.controller.js": 1726835189033,
  "controller/UnloadingASNDetails.controller.js": 1726835189033,
  "controller/UnloadByDelivery.controller.js": 1726835189033,
  "controller/Supervisor.controller.js": 1726837552171,
  "controller/StockBinQueryByProduct.controller.js": 1726835189033,
  "controller/StockBinQueryByBin.controller.js": 1726835189033,
  "controller/SerialNumberLocation.controller.js": 1726835189033,
  "controller/ResourcePage.controller.js": 1726835189033,
  "controller/RecevingOfHUbyTUorDoor.controller.js": 1726835189033,
  "controller/RecevingOfHUbyManufacturingOrder.controller.js": 1726835189033,
  "controller/RecevingOfHUbyDelivery.controller.js": 1726835189033,
  "controller/Receivingofhubyco.controller.js": 1726835189033,
  "controller/ReceivingofHUbyTU.controller.js": 1726835189033,
  "utils/Constant.js": 1726835384518,
  "controller/ReceivingofHUbyASN.controller.js": 1726835189033,
  "controller/ReceivingOfHuByDoor.controller.js": 1726835189033,
  "controller/PutawayByWO.controller.js": 1726835189033,
  "controller/PutawayByHU.controller.js": 1726835189029,
  "controller/ProductInspectionByStorageBin.controller.js": 1726835189029,
  "controller/ProductInspectionByHU.controller.js": 1726835189029,
  "controller/ManuallyRepackHU.controller.js": 1726835189029,
  "controller/ManuallyRepackAllHUItems.controller.js": 1726835189029,
  "controller/MaintainHU.controller.js": 1726835189029,
  "controller/InitialScreen.controller.js": 1726836941526,
  "controller/HuQuery.controller.js": 1726835189029,
  "controller/Home.controller.js": 1726835189029,
  "controller/DeconsolidationManually.controller.js": 1726835189029,
  "controller/DeconsolidationAutomatically.controller.js": 1726835189029,
  "controller/CreationOfSingleHU.controller.js": 1726835189029,
  "controller/CreateShippingHUWOWC.controller.js": 1726835189029,
  "controller/CreateShippingHU.controller.js": 1726835189029,
  "controller/CreatePutawayHusforDeconsolidate.controller.js": 1726835189029,
  "controller/CreatePutawayHusManually.controller.js": 1726835189029,
  "controller/CreateConfirmAdhocProduct.controller.js": 1726835189029,
  "controller/CreateConfirmAdhocHu.controller.js": 1726835189029,
  "controller/ChangeResourceGroup.controller.js": 1726835189029,
  "controller/ChangeQueue.controller.js": 1726835189029,
  "controller/BillofLading.controller.js": 1726835189025,
  "controller/BaseController.js": 1726835189025,
  "controller/AvailableHandlingUnitsOnBinQuery.controller.js": 1726835189025,
  "controller/AutomaticallyRepackHUItem.controller.js": 1726835189025,
  "controller/App.controller.js": 1726835189025,
  "i18n/i18n.properties": 1726835338086,
  "controller/AdhocInventoryCreation.controller.js": 1726835189025,
  "controller/AdhocHuWt.controller.js": 1726835189025,
  "manifest.json": 1726838104629,
  "Component.js": 1726810930496,
  "controller/WTQueryByQueue-dbg.controller.js": 1726835189033,
  "controller/WTQueryByQueue.controller.js.map": 1726838104764,
  "model/models-dbg.js": 1726835298070,
  "model/models.js.map": 1726838104751,
  "controller/WTQueryByWT-dbg.controller.js": 1726835189037,
  "controller/WTQueryByWT.controller.js.map": 1726838104759,
  "controller/WTQueryByWO-dbg.controller.js": 1726835189037,
  "controller/WTQueryByWO.controller.js.map": 1726838104766,
  "controller/ReceivingofHUbyShipment-dbg.controller.js": 1726835189033,
  "controller/ReceivingofHUbyShipment.controller.js.map": 1726838104765,
  "controller/WTQueryByHU-dbg.controller.js": 1726835189033,
  "controller/WTQueryByHU.controller.js.map": 1726838104766,
  "controller/UnloadingByTU-dbg.controller.js": 1726835189033,
  "controller/UnloadingByTU.controller.js.map": 1726838104830,
  "controller/UnloadingByShipment-dbg.controller.js": 1726835189033,
  "controller/UnloadingByShipment.controller.js.map": 1726838104830,
  "controller/UnloadingByDoor-dbg.controller.js": 1726835189033,
  "controller/UnloadingByDoor.controller.js.map": 1726838104831,
  "controller/UnloadingByConsignmentOrder-dbg.controller.js": 1726835189033,
  "controller/UnloadingByConsignmentOrder.controller.js.map": 1726838104826,
  "controller/UnloadingByBillofLading-dbg.controller.js": 1726835189033,
  "controller/UnloadingByBillofLading.controller.js.map": 1726838104834,
  "controller/UnloadingASNDetails-dbg.controller.js": 1726835189033,
  "controller/UnloadingASNDetails.controller.js.map": 1726838104838,
  "controller/UnloadByDelivery-dbg.controller.js": 1726835189033,
  "controller/UnloadByDelivery.controller.js.map": 1726838104837,
  "controller/Supervisor-dbg.controller.js": 1726837552171,
  "controller/Supervisor.controller.js.map": 1726838105055,
  "controller/StockBinQueryByProduct-dbg.controller.js": 1726835189033,
  "controller/StockBinQueryByProduct.controller.js.map": 1726838104841,
  "controller/StockBinQueryByBin-dbg.controller.js": 1726835189033,
  "controller/StockBinQueryByBin.controller.js.map": 1726838104843,
  "controller/SerialNumberLocation-dbg.controller.js": 1726835189033,
  "controller/SerialNumberLocation.controller.js.map": 1726838104845,
  "controller/ResourcePage-dbg.controller.js": 1726835189033,
  "controller/ResourcePage.controller.js.map": 1726838104859,
  "controller/RecevingOfHUbyTUorDoor-dbg.controller.js": 1726835189033,
  "controller/RecevingOfHUbyTUorDoor.controller.js.map": 1726838104850,
  "controller/RecevingOfHUbyManufacturingOrder-dbg.controller.js": 1726835189033,
  "controller/RecevingOfHUbyManufacturingOrder.controller.js.map": 1726838104852,
  "controller/RecevingOfHUbyDelivery-dbg.controller.js": 1726835189033,
  "controller/RecevingOfHUbyDelivery.controller.js.map": 1726838104855,
  "controller/Receivingofhubyco-dbg.controller.js": 1726835189033,
  "controller/Receivingofhubyco.controller.js.map": 1726838104857,
  "controller/ReceivingofHUbyTU-dbg.controller.js": 1726835189033,
  "controller/ReceivingofHUbyTU.controller.js.map": 1726838104923,
  "utils/Constant-dbg.js": 1726835384518,
  "utils/Constant.js.map": 1726838104857,
  "controller/ReceivingofHUbyASN-dbg.controller.js": 1726835189033,
  "controller/ReceivingofHUbyASN.controller.js.map": 1726838104929,
  "controller/ReceivingOfHuByDoor-dbg.controller.js": 1726835189033,
  "controller/ReceivingOfHuByDoor.controller.js.map": 1726838104936,
  "controller/PutawayByWO-dbg.controller.js": 1726835189033,
  "controller/PutawayByWO.controller.js.map": 1726838104928,
  "controller/PutawayByHU-dbg.controller.js": 1726835189029,
  "controller/PutawayByHU.controller.js.map": 1726838104932,
  "controller/ProductInspectionByStorageBin-dbg.controller.js": 1726835189029,
  "controller/ProductInspectionByStorageBin.controller.js.map": 1726838104933,
  "controller/ProductInspectionByHU-dbg.controller.js": 1726835189029,
  "controller/ProductInspectionByHU.controller.js.map": 1726838104937,
  "controller/ManuallyRepackHU-dbg.controller.js": 1726835189029,
  "controller/ManuallyRepackHU.controller.js.map": 1726838104943,
  "controller/ManuallyRepackAllHUItems-dbg.controller.js": 1726835189029,
  "controller/ManuallyRepackAllHUItems.controller.js.map": 1726838104958,
  "controller/MaintainHU-dbg.controller.js": 1726835189029,
  "controller/MaintainHU.controller.js.map": 1726838104941,
  "controller/InitialScreen-dbg.controller.js": 1726836941526,
  "controller/InitialScreen.controller.js.map": 1726838105023,
  "controller/HuQuery-dbg.controller.js": 1726835189029,
  "controller/HuQuery.controller.js.map": 1726838105029,
  "controller/Home-dbg.controller.js": 1726835189029,
  "controller/Home.controller.js.map": 1726838105054,
  "controller/DeconsolidationManually-dbg.controller.js": 1726835189029,
  "controller/DeconsolidationManually.controller.js.map": 1726838105040,
  "controller/DeconsolidationAutomatically-dbg.controller.js": 1726835189029,
  "controller/DeconsolidationAutomatically.controller.js.map": 1726838105033,
  "controller/CreationOfSingleHU-dbg.controller.js": 1726835189029,
  "controller/CreationOfSingleHU.controller.js.map": 1726838105035,
  "controller/CreateShippingHUWOWC-dbg.controller.js": 1726835189029,
  "controller/CreateShippingHUWOWC.controller.js.map": 1726838105037,
  "controller/CreateShippingHU-dbg.controller.js": 1726835189029,
  "controller/CreateShippingHU.controller.js.map": 1726838105041,
  "controller/CreatePutawayHusforDeconsolidate-dbg.controller.js": 1726835189029,
  "controller/CreatePutawayHusforDeconsolidate.controller.js.map": 1726838105045,
  "controller/CreatePutawayHusManually-dbg.controller.js": 1726835189029,
  "controller/CreatePutawayHusManually.controller.js.map": 1726838105043,
  "controller/CreateConfirmAdhocProduct-dbg.controller.js": 1726835189029,
  "controller/CreateConfirmAdhocProduct.controller.js.map": 1726838105048,
  "controller/CreateConfirmAdhocHu-dbg.controller.js": 1726835189029,
  "controller/CreateConfirmAdhocHu.controller.js.map": 1726838105054,
  "controller/ChangeResourceGroup-dbg.controller.js": 1726835189029,
  "controller/ChangeResourceGroup.controller.js.map": 1726838105050,
  "controller/ChangeQueue-dbg.controller.js": 1726835189029,
  "controller/ChangeQueue.controller.js.map": 1726838105052,
  "controller/BillofLading-dbg.controller.js": 1726835189025,
  "controller/BillofLading.controller.js.map": 1726838105058,
  "controller/BaseController-dbg.js": 1726835189025,
  "controller/BaseController.js.map": 1726838105056,
  "controller/AvailableHandlingUnitsOnBinQuery-dbg.controller.js": 1726835189025,
  "controller/AvailableHandlingUnitsOnBinQuery.controller.js.map": 1726838105059,
  "controller/AutomaticallyRepackHUItem-dbg.controller.js": 1726835189025,
  "controller/AutomaticallyRepackHUItem.controller.js.map": 1726838105126,
  "controller/App-dbg.controller.js": 1726835189025,
  "controller/App.controller.js.map": 1726838105057,
  "controller/AdhocProductWt-dbg.controller.js": 1726835189025,
  "controller/AdhocProductWt.controller.js.map": 1726838105060,
  "controller/AdhocInventoryCreation-dbg.controller.js": 1726835189025,
  "controller/AdhocInventoryCreation.controller.js.map": 1726838105125,
  "controller/AdhocHuWt-dbg.controller.js": 1726835189025,
  "controller/AdhocHuWt.controller.js.map": 1726838105123,
  "Component-dbg.js": 1726810930496,
  "Component.js.map": 1726838105123,
  "Component-preload.js": 1726838105548,
  "Component-preload.js.map": 1726838105550,
  "view/WTQueryByWT.view.xml": 1726835422382,
  "view/WTQueryByWO.view.xml": 1726835422382,
  "view/WTQueryByQueue.view.xml": 1726835422382,
  "view/WTQueryByHU.view.xml": 1726835422382,
  "view/UnloadingByTU.view.xml": 1726835422382,
  "view/UnloadingByShipment.view.xml": 1726835422382,
  "view/UnloadingByDoor.view.xml": 1726835422382,
  "view/UnloadingByConsignmentOrder.view.xml": 1726835422382,
  "view/UnloadingByBillofLading.view.xml": 1726835422382,
  "view/UnloadingASNDetails.view.xml": 1726835422382,
  "view/UnloadByDelivery.view.xml": 1726835422378,
  "view/Supervisor.view.xml": 1726835422374,
  "view/StockBinQueryByProduct.view.xml": 1726835422370,
  "view/StockBinQueryByBin.view.xml": 1726835422370,
  "view/SerialNumberLocation.view.xml": 1726835422370,
  "view/ResourcePage.view.xml": 1726835422370,
  "view/RecevingOfHUbyTUorDoor.view.xml": 1726835422370,
  "view/RecevingOfHUbyManufacturingOrder.view.xml": 1726835422366,
  "view/RecevingOfHUbyDelivery.view.xml": 1726835422366,
  "view/Receivingofhubyco.view.xml": 1726835422366,
  "view/ReceivingofHUbyTU.view.xml": 1726835422366,
  "view/ReceivingofHUbyShipment.view.xml": 1726835422366,
  "view/ReceivingofHUbyASN.view.xml": 1726835422362,
  "view/ReceivingOfHuByDoor.view.xml": 1726835422358,
  "view/PutawayByWO.view.xml": 1726835422354,
  "view/PutawayByHU.view.xml": 1726835422350,
  "view/ProductInspectionByStorageBin.view.xml": 1726835422350,
  "view/ProductInspectionByHU.view.xml": 1726835422350,
  "view/ManuallyRepackHU.view.xml": 1726835422350,
  "view/ManuallyRepackAllHUItems.view.xml": 1726835422350,
  "view/MaintainHU.view.xml": 1726835422350,
  "view/InitialScreen.view.xml": 1726835422350,
  "view/HuQuery.view.xml": 1726835422350,
  "view/Home.view.xml": 1726835422350,
  "view/DeconsolidationManually.view.xml": 1726835422350,
  "view/DeconsolidationAutomatically.view.xml": 1726835422350,
  "view/CreationOfSingleHU.view.xml": 1726835422350,
  "view/CreateShippingHUWOWC.view.xml": 1726835422350,
  "view/CreateShippingHU.view.xml": 1726835422350,
  "view/CreatePutawayHusforDeconsolidate.view.xml": 1726835422350,
  "view/CreatePutawayHusManually.view.xml": 1726835422350,
  "view/CreateConfirmAdhocProduct.view.xml": 1726835422350,
  "view/CreateConfirmAdhocHu.view.xml": 1726835422350,
  "view/ChangeResourceGroup.view.xml": 1726835422350,
  "view/ChangeQueue.view.xml": 1726835422350,
  "view/BillofLading.view.xml": 1726835422350,
  "view/AvailableHandlingUnitsOnBinQuery.view.xml": 1726835422350,
  "view/AutomaticallyRepackHUItem.view.xml": 1726835422346,
  "view/App.view.xml": 1726835422346,
  "view/AdhocProductWt.view.xml": 1726835422346,
  "view/AdhocInventoryCreation.view.xml": 1726835422346,
  "view/AdhocHuWt.view.xml": 1726835422346,
  "fragments/SignUpDetails.fragment.xml": 1726838040773,
  "fragments/SapLogon.fragment.xml": 1726838040773,
  "fragments/Resetpassword.fragment.xml": 1726838040769,
  "fragments/Forgotpassword.fragment.xml": 1726838040769,
  "fragments/ConnecttoSAP.fragment.xml": 1726838040765,
  "fragments/ApproveDetails.fragment.xml": 1726838040765,
  "css/style.css": 1726835237098,
  "Images/Artihcuslogo.png": 1726835361206,
  "index.html": 1726835507554
}