{
  "welcomeFile": "/index.html",
  "authenticationMethod": "route",
  "routes": [
    {
      "source": "^(.*)$",
      "target": "$1",
      "service": "html5-apps-repo-rt"
    },
    {
      "source": "^/?odata/(.*)$",
      "target": "/odata/$1",
      "destination": "srv-api",
      "authenticationType": "xsuaa",
      "csrfProtection": true
    },
    {
      "source": "^/sap/opu/odata/sap/ZEWM_RFUI_SRV_01/(.*)$",
      "target": "/sap/opu/odata/sap/ZEWM_RFUI_SRV_01/$1",
      "destination": "RF_PAP_CAPM_Destination",
      "csrfProtection": true,
      "authenticationType": "xsuaa"
    },
    {
      "source": "^(.*)$",
      "target": "$1",
      "service": "html5-apps-repo-rt",
      "authenticationType": "xsuaa"
    },
    {
      "source": "^/srv/(.*)$",
      "target": "$1",
      "destination": "srv-api",
      "csrfProtection": true
    },
    {
      "source": "^/resources/(.*)$",
      "target": "/resources/$1",
      "authenticationType": "none",
      "destination": "ui5"
    },
    {
      "source": "^/test-resources/(.*)$",
      "target": "/test-resources/$1",
      "authenticationType": "none",
      "destination": "ui5"
    }
  ]
}
